{"cameraMode":{"drawMode":0,"name":"Shaded","section":"Shading Mode"},"sceneLighting":false,"audioPlay":false,"sceneViewState":{"showFog":true,"showMaterialUpdate":false,"showSkybox":false,"showFlares":true,"showImageEffects":true,"showParticleSystems":true},"in2DMode":false,"pivot":{"x":-111.63999938964844,"y":-54.31999969482422,"z":85.06660461425781},"rotation":{"x":0.07787584513425827,"y":0.43147012591362,"z":-0.03688747435808182,"w":0.8980149626731873},"size":0.4330126941204071,"orthographic":false}