{"cameraMode":{"drawMode":0,"name":"Shaded","section":"Shading Mode"},"sceneLighting":false,"audioPlay":false,"sceneViewState":{"showFog":true,"showMaterialUpdate":false,"showSkybox":false,"showFlares":true,"showImageEffects":true,"showParticleSystems":true},"in2DMode":false,"pivot":{"x":-624.2000122070313,"y":-263.0,"z":130.10000610351563},"rotation":{"x":0.07787584513425827,"y":0.43147012591362,"z":-0.03688747435808182,"w":0.8980149626731873},"size":135.93287658691407,"orthographic":false}